name,half_life,d_value_bq,atomic_number,mass_number,decay_mode,decay_constant,specific_activity_bq_per_g,alpha_energy_mev,beta_max_energy_mev,gamma_energy_mev,gamma_yield,neutron_emitter,neutron_yield_n_per_s,dose_rate_constant_usv_m2_per_h_gbq,half_value_layer_lead_mm,half_value_layer_concrete_mm,iaea_category,parent_nuclide,daughter_nuclide,is_sealed_source_common,beta_emission_probability,alpha_emission_probability
Ac-227,6.87058e+08,,89,227,B-/A,1.00886e-09,2.67644e+12,4.953,0.045,,,false,,,,,,,Th-227/Fr-223,false,0.9862,0.0138
Ag-110m,2.15819e+07,,47,110,B-/IT,3.21171e-08,1.75831e+14,,0.53,0.6577,0.945,false,,,,,,,Cd-110,true,1.0,
Am-241,1.36515e+10,,95,241,A,5.07743e-11,1.26875e+11,5.4857,,0.0595,0.359,false,,,,,,,Np-237,true,,1.0
Am-243,2.32575e+11,,95,243,A,2.98032e-12,7.38597e+09,5.275,,0.0743,0.677,false,,,,,,,Np-239,false,,1.0
AmBe,1.36515e+10,,,,"a,n",5.07743e-11,,,,,,true,6e-05,,,,,Am-241,"(alpha,n) on Be-9",true,,1.0
Ar-41,6560.4,,18,41,B-,0.000105656,1.55189e+18,,1.198,1.2937,0.99,false,,,,,,,K-41,false,1.0,
Au-198,232770,,79,198,B-,2.97782e-06,9.05699e+15,,0.9611,0.4118,0.955,false,,,,,,,Hg-198,false,1.0,
Ba-133,3.32957e+08,,56,133,EC,2.08179e-09,9.42619e+12,,,0.356,0.6205,false,,,,,,,Cs-133,true,,
Ba-140,1.10177e+06,,56,140,B-,6.2912e-07,2.70618e+15,,1.0224,0.5374,0.2416,false,,,,,,,La-140,false,1.0,
Bi-207,9.95622e+08,,83,207,EC,6.96195e-10,2.0254e+12,,,0.5698,0.9775,false,,,,,,,Pb-207,true,,
Bi-210,433037,,83,210,B-,1.60067e-06,4.59021e+15,,1.1616,,,false,,,,,,Pb-210,Po-210,false,1.0,
C-14,1.79875e+11,,6,14,B-,3.8535e-12,1.65759e+11,,0.156,,,false,,,,,,,N-14,false,1.0,
Ca-45,1.40495e+07,,20,45,B-,4.93361e-08,6.60242e+14,,0.257,,,false,,,,,,,Sc-45,false,1.0,
Cd-109,3.99082e+07,,48,109,EC,1.73686e-08,9.59595e+13,,,0.088,0.0362,false,,,,,,,Ag-109,true,,
Ce-141,2.80809e+06,,58,141,B-,2.4684e-07,1.05426e+15,,0.436,0.1454,0.484,false,,,,,,,Pr-141,false,1.0,
Ce-144,2.46162e+07,,58,144,B-,2.81581e-08,1.17759e+14,,0.319,0.1334,0.1109,false,,,,,,,Pr-144,false,1.0,
Cf-252,8.34681e+07,,98,252,A/SF,8.30433e-09,1.98452e+13,6.1183,,,,true,0.116,,,,,,fission products,true,,1.0
Cl-36,9.49864e+12,,17,36,B-/EC,7.29733e-14,1.22071e+09,,0.709,,,false,,,,,,,Ar-36,false,1.0,
Cm-242,1.40659e+07,,96,242,A,4.92785e-08,1.22629e+14,6.1157,,,,false,,,,,,,Pu-238,false,,1.0
Cm-244,5.71181e+08,,96,244,A,1.21353e-09,2.99511e+12,5.8048,,,,false,,,,,,,Pu-240,true,,1.0
Co-56,6.67319e+06,,27,56,B+/EC,1.0387e-07,1.117e+15,,1.459,0.8468,1.0,false,,,,,,,Fe-56,true,1.0,
Co-57,2.34783e+07,,27,57,EC,2.95228e-08,3.11914e+14,,,0.1221,0.856,false,,,,,,,Fe-57,true,,
Co-58,6.1223e+06,,27,58,B+/EC,1.13217e-07,1.17553e+15,,0.475,0.8108,0.9945,false,,,,,,,Fe-58,true,1.0,
Co-60,1.6634e+08,,27,60,B-,4.16705e-09,4.18243e+13,,0.318,1.1732,0.9985,false,,,,,,,Ni-60,true,1.0,
Cr-51,2.3935e+06,,24,51,EC,2.89596e-07,3.41959e+15,,,0.32,0.0999,false,,,,,,,V-51,true,,
Cs-134,6.51588e+07,,55,134,B-,1.06378e-08,4.78078e+13,,0.658,0.6047,0.976,false,,,,,,,Ba-134,true,1.0,
Cs-137,9.49233e+08,,55,137,B-,7.30218e-10,3.20984e+12,,0.512,0.6617,0.851,false,,,,,,,Ba-137m,true,1.0,
Eu-152,4.26555e+08,,63,152,B-/EC,1.62499e-09,6.4381e+12,,1.474,1.408,0.2085,false,,,,,,,Gd-152/Sm-152,false,1.0,
Eu-154,2.71169e+08,,63,154,B-,2.55615e-09,9.99576e+12,,1.845,1.2744,0.348,false,,,,,,,Gd-154,false,1.0,
Eu-155,1.4999e+08,,63,155,B-,4.62128e-09,1.79549e+13,,0.252,0.0861,0.307,false,,,,,,,Gd-155,false,1.0,
Fe-55,8.63714e+07,,26,55,EC,8.0252e-09,8.78706e+13,,,,,false,,,,,,,Mn-55,false,,
Fe-59,3.84437e+06,,26,59,B-,1.80302e-07,1.84035e+15,,0.475,1.0992,0.5637,false,,,,,,,Co-59,true,1.0,
Gd-153,2.07706e+07,,64,153,EC,3.33716e-08,1.31352e+14,,,0.0976,0.396,false,,,,,,,Eu-153,true,,
H-3,3.88782e+08,,1,3,B-,1.78287e-09,3.5789e+14,,0.0186,,,false,,,,,,,He-3,false,1.0,
I-125,5.13994e+06,,53,125,EC,1.34855e-07,6.49694e+14,,,0.0355,0.0668,false,,,,,,,Te-125,true,,
I-129,4.95444e+14,,53,129,B-,1.39904e-15,6.53118e+06,,0.154,0.0396,0.0752,false,,,,,,,Xe-129,false,1.0,
I-131,693377,,53,131,B-,9.99668e-07,4.59553e+15,,0.606,0.3645,0.817,false,,,,,,,Xe-131m,true,1.0,
Ir-192,6.37865e+06,,77,192,B-/EC,1.08667e-07,3.40837e+14,,0.675,0.3166,0.829,false,,,,,,,Pt-192/Os-192,true,1.0,
K-40,3.93831e+16,,19,40,B-/EC,1.76001e-17,264976,,1.311,1.4608,0.1066,false,,,,,,,Ca-40,false,0.8928,
Kr-85,3.3889e+08,,36,85,B-,2.04534e-09,1.4491e+13,,0.687,0.5141,0.0043,false,,,,,,,Rb-85,false,1.0,
La-140,144988,,57,140,B-,4.78073e-06,2.05644e+16,,2.17,1.5957,0.955,false,,,,,,Ba-140,Ce-140,false,1.0,
Mn-54,2.69594e+07,,25,54,EC,2.57108e-08,2.8673e+14,,,0.8349,0.9998,false,,,,,,,Cr-54,true,,
Mo-99,237384,,42,99,B-,2.91994e-06,1.77619e+16,,1.214,0.1405,0.0122,false,,,,,,,Tc-99m,true,1.0,
Na-22,8.2108e+07,,11,22,B+/EC,8.44189e-09,2.31083e+14,,0.545,1.2746,0.9994,false,,,,,,,Ne-22,true,1.0,
Nb-95,3.02322e+06,,41,95,B-,2.29274e-07,1.45339e+15,,0.16,0.7658,0.9981,false,,,,,,Zr-95,Mo-95,false,1.0,
Ni-59,2.39833e+12,,28,59,EC,2.89013e-13,2.94996e+09,,,,,false,,,,,,,Co-59,false,,
Ni-63,3.15885e+09,,28,63,B-,2.1943e-10,2.09752e+12,,0.0669,,,false,,,,,,,Cu-63,false,1.0,
Np-237,6.76581e+13,,93,237,A,1.02449e-14,2.6032e+07,4.788,,,,false,,,,,,,Pa-233,false,,1.0
P-32,1.23276e+06,,15,32,B-,5.62275e-07,1.05816e+16,,1.711,,,false,,,,,,,S-32,false,1.0,
P-33,2.19024e+06,,15,33,B-,3.16471e-07,5.77525e+15,,0.249,,,false,,,,,,,S-33,false,1.0,
Pa-231,1.03381e+12,,91,231,A,6.70481e-13,1.74794e+09,5.0587,,,,false,,,,,,,Ac-227,false,,1.0
Pb-210,7.00564e+08,,82,210,B-,9.89413e-10,2.83732e+12,,0.0635,0.0465,0.0425,false,,,,,,,Bi-210,false,1.0,
Pm-147,8.27865e+07,,61,147,B-,8.37271e-09,3.43004e+13,,0.2246,,,false,,,,,,,Sm-147,false,1.0,
Po-210,1.19557e+07,,84,210,A,5.79764e-08,1.66258e+14,5.3044,,,,false,,,,,,Bi-210,Pb-206,false,,1.0
Pr-144,1036.8,,59,144,B-,0.000668545,2.79588e+18,,2.996,2.186,0.00697,false,,,,,,Ce-144,Nd-144,false,1.0,
Pu-238,2.76754e+09,,94,238,A,2.50456e-10,6.33731e+11,5.4933,,,,false,,,,,,,U-234,true,,1.0
Pu-239,7.60838e+11,,94,239,A,9.11031e-13,2.29555e+09,5.1566,,,,false,,,,,,,U-235,true,,1.0
Pu-240,2.07045e+11,,94,240,A,3.34781e-12,8.4004e+09,5.1683,,,,false,,,,,,,U-236,false,,1.0
Pu-241,4.5218e+08,,94,241,B-,1.5329e-09,3.83044e+12,,0.0208,,,false,,,,,,,Am-241,false,1.0,
Pu-242,1.18339e+13,,94,242,A,5.85732e-14,1.45759e+08,4.9016,,,,false,,,,,,,U-238,false,,1.0
PuBe,7.60838e+11,,,,"a,n",9.11031e-13,,,,,,true,4.6e-05,,,,,Pu-239,"(alpha,n) on Be-9",true,,1.0
Ra-226,5.04911e+10,,88,226,A,1.37281e-11,3.65808e+10,4.7844,,0.1862,0.03555,false,,,,,,,Rn-222,true,,1.0
Ra-228,1.81452e+08,,88,228,B-,3.81999e-09,1.00897e+13,,0.0393,,,false,,,,,,,Ac-228,false,1.0,
RaBe,5.04911e+10,,,,"a,n",1.37281e-11,,,,,,true,0.00035,,,,,Ra-226,"(alpha,n) on Be-9",true,,1.0
Rh-106,29.9,,45,106,B-,0.0231822,1.31704e+20,,3.541,0.6222,0.0988,false,,,,,,Ru-106,Pd-106,true,1.0,
Ru-103,3.39206e+06,,44,103,B-,2.04344e-07,1.19474e+15,,0.226,0.4973,0.891,false,,,,,,,Rh-103,false,1.0,
Ru-106,3.22782e+07,,44,106,B-,2.14742e-08,1.22e+14,,0.0394,,,false,,,,,,,Rh-106,true,1.0,
S-35,7.54877e+06,,16,35,B-,9.18226e-08,1.57991e+15,,0.1674,,,false,,,,,,,Cl-35,false,1.0,
Sb-124,5.20128e+06,,51,124,B-,1.33265e-07,6.47209e+14,,2.301,0.6027,0.976,false,,,,,,,Te-124,false,1.0,
Sb-125,8.7053e+07,,51,125,B-,7.96236e-09,3.83604e+13,,0.767,0.4276,0.294,false,,,,,,,Te-125,false,1.0,
Sc-46,7.23946e+06,,21,46,B-,9.57458e-08,1.25347e+15,,0.357,0.8892,1.0,false,,,,,,,Ti-46,true,1.0,
Se-75,1.0349e+07,,34,75,EC,6.69773e-08,5.37795e+14,,,0.2648,0.586,false,,,,,,,As-75,true,,
Sm-151,2.84013e+09,,62,151,B-,2.44055e-10,9.73334e+11,,0.0765,,,false,,,,,,,Eu-151,false,1.0,
Sn-113,9.94378e+06,,50,113,EC,6.97066e-08,3.7149e+14,,,0.3917,0.649,false,,,,,,,In-113m,true,,
Sr-89,4.36579e+06,,38,89,B-,1.58768e-07,1.07429e+15,,1.4948,,,false,,,,,,,Y-89,false,1.0,
Sr-90,9.08525e+08,,38,90,B-,7.62937e-10,5.10502e+12,,0.5459,,,false,,,,,,,Y-90,false,1.0,
Tb-160,6.24672e+06,,65,160,B-,1.10962e-07,4.17642e+14,,1.716,0.8792,0.3,false,,,,,,,Dy-160,false,1.0,
Tc-99,6.66167e+12,,43,99,B-,1.0405e-13,6.32933e+08,,0.294,,,false,,,,,,Tc-99m,Ru-99,false,1.0,
Tc-99m,21624.1,,43,99,IT,3.20544e-05,1.94986e+17,,,0.1405,0.891,false,,,,,,Mo-99,Tc-99,false,,
Th-228,6.03243e+07,,90,228,A,1.14904e-08,3.03494e+13,5.4234,,0.0843,0.0122,false,,,,,,,Ra-224,false,,1.0
Th-230,2.37939e+12,,90,230,A,2.91312e-13,7.6275e+08,4.687,,,,false,,,,,,,Ra-226,false,,1.0
Th-232,4.43375e+17,,90,232,A,1.56334e-18,4058.05,4.083,,,,false,,,,,,,Ra-228,false,,1.0
Tl-204,1.1938e+08,,81,204,B-/EC,5.80623e-09,1.71402e+13,,0.7635,,,false,,,,,,,Pb-204/Hg-204,false,1.0,
U-232,2.17427e+09,,92,232,A,3.18795e-10,8.27512e+11,5.414,,,,false,,,,,,,Th-228,false,,1.0
U-233,5.02387e+12,,92,233,A,1.37971e-13,3.56601e+08,4.909,,,,false,,,,,,,Th-229,false,,1.0
U-234,7.74723e+12,,92,234,A,8.94703e-14,2.30258e+08,4.858,,,,false,,,,,,,Th-230,false,,1.0
U-235,2.22161e+16,,92,235,A,3.12002e-17,79954.1,4.679,,0.1856,0.572,false,,,,,,,Th-231,false,,1.0
U-238,1.40996e+17,,92,238,A,4.91606e-18,12439.2,4.198,,,,false,,,,,,,Th-234,false,,1.0
Xe-133,453384,,54,133,B-,1.52883e-06,6.92243e+15,,0.346,0.081,0.369,false,,,,,,,Cs-133,false,1.0,
Y-90,230591,,39,90,B-,3.00596e-06,2.01137e+16,,2.2801,,,false,,,,,,Sr-90,Zr-90,false,1.0,
Zn-65,2.10756e+07,,30,65,B+/EC,3.28887e-08,3.04708e+14,,0.325,1.1155,0.506,false,,,,,,,Cu-65,true,1.0,
Zr-95,5.53236e+06,,40,95,B-,1.25289e-07,7.94222e+14,,0.396,0.7568,0.4864,false,,,,,,,Nb-95,false,1.0,
